<?xml version="1.0" encoding="utf-8"?>
<example id="Value_Mapping" usedb="true">
	<title>Value Mapping</title>
	<metakeywords>php grid, php ajax grid, php datagrid, php gridview, ajax grid php</metakeywords>	 
	<metadescription>KoolGrid support inline row editing.</metadescription>
	<description>
		<![CDATA[ 
<p>
KoolGrid supports altering columns' data with user-defined mapping functions which implement the GridIValueMap:
</p>
<b>$ds->setValueMap(new ReverseMap());</b>
<p></p>
<p>
The interface details and examples could be found in the same folder with the koolgrid control.
</p>
		]]>		
	</description>
	
	<samplecodes>
		<code header="Example.php">
			<![CDATA[
<?php

	$KoolControlsFolder = "../../../../KoolControls";//Relative path to "KoolPHPSuite/KoolControls" folder
	require $KoolControlsFolder."/KoolGrid/koolgrid.php";//    
	
	require $KoolControlsFolder."/KoolAjax/koolajax.php";
	$koolajax->scriptFolder = $KoolControlsFolder."/KoolAjax";

	require $KoolControlsFolder."/KoolCalendar/koolcalendar.php";
    
	$ds = new MySQLDataSource($db_con);//This $db_con link has been created inside KoolPHPSuite/Resources/runexample.php
	$ds->SelectCommand = "select orderNumber,orderDate,status,comments from orders";
	$ds->UpdateCommand = "update orders set orderDate='@orderDate', status='@status', comments='@comments' where orderNumber='@orderNumber'";
	$ds->DeleteCommand = "delete from orders where orderNumber=@orderNumber";
    
    $ds->setValueMap(new ReverseMap());

	$grid = new KoolGrid("grid");
	$grid->scriptFolder = $KoolControlsFolder."/KoolGrid";
	$grid->styleFolder="sunset";

	$grid->AjaxEnabled = true;
	$grid->DataSource = $ds;
	$grid->MasterTable->Pager = new GridPrevNextAndNumericPager();
	$grid->Width = "655px";
	$grid->ColumnWrap = true;
	$grid->AllowEditing = true;
	$grid->AllowDeleting = true;

	$column = new GridBoundColumn();
	$column->DataField = "orderNumber";
    $column->HeaderText = "Order Number";
	$column->ReadOnly = true;
	$grid->MasterTable->AddColumn($column);

	$column = new GridDateTimeColumn();
	$column->DataField = "orderDate";
	$column->HeaderText = "Order Date";
	$column->FormatString = "Y-m-d";
	//Assign datepicker for GridDateTimeColumn, this is optional.
	$column->Picker = new KoolDatePicker();
	$column->Picker->scriptFolder = $KoolControlsFolder."/KoolCalendar";
	$column->Picker->styleFolder = "sunset";	
	$column->Picker->DateFormat = "Y/m/d";
	
	$grid->MasterTable->AddColumn($column);

	$column = new GridDropDownColumn();
	$column->DataField = "status";
	$column->HeaderText = "Status";
	$column->AddItem("In Process");
	$column->AddItem("On Hold");
	$column->AddItem("Disputed");
	$column->AddItem("Cancelled");	
	$column->AddItem("Resolved");	
	$column->AddItem("Shipped");
	$grid->MasterTable->AddColumn($column);

	$column = new GridTextAreaColumn();
	$column->DataField = "comments";
	$column->HeaderText = "Comments";
	$column->Width = "200px";
//        $column->Visible=FALSE;
	$grid->MasterTable->AddColumn($column);

	$column = new GridEditDeleteColumn();
	$column->Align = "center";
	$grid->MasterTable->AddColumn($column);
	
	$grid->MasterTable->EditSettings->Mode = "Inline";//"Inline" is default value;
	
	$grid->Process();
    
?>
<?php echo $koolajax->Render();?>

<form id="form1" method="post">
    <b>Reverse string in the comments column:</b>
    
    <div style="padding-top:10px;">
        <?php echo $grid->Render();?>
    </div>
</form>


			]]>			
		</code>			
	</samplecodes>
	<docs>
		<doc link="http://doc.koolphp.net/Controls/KoolGrid/PHP/EditSettings/index.php#Mode">EditSettings::Mode</doc>
	</docs>
</example>
